Peptide,hla,Molecular_weight,GRAVY,instability,mhcflurry_affinity_percentile,pI,mhcflurry_processing_score,mhcflurry_presentation_score,mhcflurry_presentation_percentile,Half_life,charge,score,allele,pseudosequence,hydro_P2,hydro_P9,Qualitative_Measure
IMGVIFLI,HLA-A02:01,1006.3,2.79,8.89,0.077625,5.18,0.220265971496701,0.907581526459468,0.109809782608707,7.2,0,0.2349,HLA-A02:01,YFAMYGEKVAHTHVDTLYVRYHYYTWAVLAYTWY,1.9,4.5,0
EHSLQVAY,HLA-B44:03,1017.09,-0.08,28.36,0.012625,5.24,0.952577814459801,0.983803438125947,0.0045108695652231,4.4,0,-0.21811,HLA-B44:03,YYTKYREISTNTYENTAYIRYDDYTWAVLAYLSY,-3.2,-1.3,1
LLQRLHLL,HLA-A02:01,1104.39,1.33,45.11,0.15975,9.73,0.415324414148927,0.93250565362658,0.0733967391304446,100.0,1,-0.05938,HLA-A02:01,YFAMYGEKVAHTHVDTLYVRYHYYTWAVLAYTWY,3.8,3.8,0
LARWLPPV,HLA-A02:01,1022.24,0.76,150.44,0.0115,9.8,0.298499772325158,0.952881693055639,0.0440760869565366,4.4,1,0.2542,HLA-A02:01,YFAMYGEKVAHTHVDTLYVRYHYYTWAVLAYTWY,1.8,4.2,1
ERSILSSF,HLA-B44:02,1066.17,-0.31,121.91,0.0445,6.0,0.257026167586446,0.815047220933975,0.254293478260862,0.8,0,-0.26679,HLA-B44:02,YYTKYREISTNTYENTAYIRYDDYTWAVDAYLSY,-4.5,2.8,0
LMPPDRTAV,HLA-A02:01,1127.36,-0.41,48.63,0.26025,8.75,0.306393058504909,0.868101768065977,0.17184782608696,1.3,1,0.04698,HLA-A02:01,YFAMYGEKVAHTHVDTLYVRYHYYTWAVLAYTWY,1.9,4.2,1
VEEVSLRK,HLA-A11:01,1030.18,-0.24,66.51,0.1915,6.19,0.241995816119015,0.812400923219697,0.258967391304324,4.4,0,0.0386,HLA-A11:01,YYAMYQENVAQTDVDTLYIIYRDYTWAAQAYRWY,-3.5,-3.9,1
LFGDIYLAI,HLA-A02:01,1081.26,1.56,9.0,0.210875,4.05,0.147020794451237,0.815747731009217,0.254293478260862,30.0,0,0.23332,HLA-A02:01,YFAMYGEKVAHTHVDTLYVRYHYYTWAVLAYTWY,2.8,4.5,1
